timestamp	submittable	window_ok	window_mm	villa_metrics_ok	patch_size	val_bpb	avg_skel_dist	avg_centerline_dice	avg_cc_diff	config
2026-05-18 18:39:12	False	True	0.5120	False	64	0.413637	29.214692	0.069841	0.056	{"uri": null, "uris": ["local_data/PHercParis2Fr47/surface_volume.zarr"], "val_uri": "local_data/PHercParis2Fr143/surface_volume.zarr", "cache_dir": null, "use_ridges": true, "use_lasagna": false, "ridge_sigma": 2.0, "batch_size": 16, "patch_size": 64, "num_layers": 16, "lr": 0.001, "weight_decay": 0.01, "time_budget": 900, "pinned": false, "loss_ink_bce": 0.6, "loss_ink_dice": 0.2, "loss_fiber_bce": 0.1, "loss_st": 0.1, "label_smoothing": 0.0, "aug_mode": "albumentations", "aug_flip_p": 0.5, "aug_brightness_p": 0.75, "aug_affine_p": 0.75, "aug_coarse_dropout_p": 0.5, "aug_elastic_p": 0.0, "aug_grid_p": 0.0, "aug_rotate_limit": 180, "aug_scale_limit": 0.15, "aug_scroll_decohesion_p": 0.0, "aug_scroll_squeeze_p": 0.0, "aug_scroll_z_dropout_p": 0.0, "aug_scroll_intensity_drift_p": 0.0, "use_betti_loss": false, "betti_loss_weight": 0.1, "auxiliary_config": {"enabled": false, "task_types": ["surface_normals", "structure_tensor"], "weights": {"surface_normals": 0.05, "structure_tensor": 0.05}}, "architecture": "resenc_unet", "base_feat": 64, "num_blocks": 16, "num_heads": 8, "dropout": 0.0, "pseudo_label_dir": "local_data/pseudo_labels", "foundation_model_path": null, "enforce_prize_gates": false, "min_prize_centerline_dice": 0.01, "max_prize_skel_dist": 2.0, "max_prize_cc_diff": 64.0, "min_prize_topology_samples": 1, "use_uamt": false, "ema_decay": 0.99, "consistency_weight": 0.1, "unlabeled_uris": ["local_data/PHercParis2Fr47/surface_volume.zarr"]}
2026-05-19 15:35:24	False	True	0.5120	False	64	0.413590	28.824346	0.050725	0.039	{"uri": null, "uris": ["local_data/PHercParis2Fr47/surface_volume.zarr"], "val_uri": "local_data/PHercParis2Fr143/surface_volume.zarr", "cache_dir": null, "use_ridges": true, "use_lasagna": false, "ridge_sigma": 2.0, "batch_size": 16, "patch_size": 64, "num_layers": 16, "lr": 0.001, "weight_decay": 0.01, "time_budget": 900, "pinned": false, "loss_ink_bce": 0.6, "loss_ink_dice": 0.2, "loss_fiber_bce": 0.1, "loss_st": 0.1, "label_smoothing": 0.0, "aug_mode": "albumentations", "aug_flip_p": 0.5, "aug_brightness_p": 0.75, "aug_affine_p": 0.75, "aug_coarse_dropout_p": 0.5, "aug_elastic_p": 0.0, "aug_grid_p": 0.0, "aug_rotate_limit": 180, "aug_scale_limit": 0.15, "aug_scroll_decohesion_p": 0.0, "aug_scroll_squeeze_p": 0.0, "aug_scroll_z_dropout_p": 0.0, "aug_scroll_intensity_drift_p": 0.0, "use_betti_loss": false, "betti_loss_weight": 0.1, "auxiliary_config": {"enabled": false, "task_types": ["surface_normals", "structure_tensor"], "weights": {"surface_normals": 0.05, "structure_tensor": 0.05}}, "architecture": "resenc_unet", "base_feat": 64, "num_blocks": 16, "num_heads": 8, "dropout": 0.0, "pseudo_label_dir": "local_data/pseudo_labels", "foundation_model_path": null, "enforce_prize_gates": false, "min_prize_centerline_dice": 0.01, "max_prize_skel_dist": 2.0, "max_prize_cc_diff": 64.0, "min_prize_topology_samples": 1, "use_uamt": false, "ema_decay": 0.99, "consistency_weight": 0.1, "unlabeled_uris": ["local_data/PHercParis2Fr47/surface_volume.zarr"]}
2026-05-19 17:31:02	False	True	0.5120	False	64	0.413510	26.127199	0.075887	0.048	{"uri": null, "uris": ["local_data/PHercParis2Fr47/surface_volume.zarr"], "val_uri": "local_data/PHercParis2Fr143/surface_volume.zarr", "cache_dir": null, "use_ridges": true, "use_lasagna": false, "ridge_sigma": 2.0, "batch_size": 16, "patch_size": 64, "num_layers": 16, "lr": 0.0001, "weight_decay": 0.01, "time_budget": 900, "pinned": false, "loss_ink_bce": 0.6, "loss_ink_dice": 0.2, "loss_fiber_bce": 0.1, "loss_st": 0.1, "label_smoothing": 0.0, "aug_mode": "albumentations", "aug_flip_p": 0.5, "aug_brightness_p": 0.75, "aug_affine_p": 0.75, "aug_coarse_dropout_p": 0.5, "aug_elastic_p": 0.0, "aug_grid_p": 0.0, "aug_rotate_limit": 180, "aug_scale_limit": 0.15, "aug_scroll_decohesion_p": 0.0, "aug_scroll_squeeze_p": 0.0, "aug_scroll_z_dropout_p": 0.0, "aug_scroll_intensity_drift_p": 0.0, "use_betti_loss": false, "betti_loss_weight": 0.1, "auxiliary_config": {"enabled": false, "task_types": ["surface_normals", "structure_tensor"], "weights": {"surface_normals": 0.05, "structure_tensor": 0.05}}, "architecture": "resenc_unet", "base_feat": 64, "num_blocks": 16, "num_heads": 8, "dropout": 0.0, "pseudo_label_dir": "local_data/pseudo_labels", "foundation_model_path": null, "enforce_prize_gates": false, "min_prize_centerline_dice": 0.01, "max_prize_skel_dist": 2.0, "max_prize_cc_diff": 64.0, "min_prize_topology_samples": 1, "use_uamt": false, "ema_decay": 0.99, "consistency_weight": 0.1, "unlabeled_uris": ["local_data/PHercParis2Fr47/surface_volume.zarr"]}
2026-05-20 18:59:03	False	True	0.5120	False	64	0.413386	29.329382	0.077214	0.041	{"uri": null, "uris": ["local_data/PHercParis2Fr47/surface_volume.zarr"], "val_uri": "local_data/PHercParis2Fr143/surface_volume.zarr", "cache_dir": null, "use_ridges": true, "use_lasagna": false, "ridge_sigma": 2.0, "batch_size": 16, "patch_size": 64, "num_layers": 16, "lr": 0.0001, "weight_decay": 0.01, "time_budget": 900, "pinned": false, "loss_ink_bce": 0.6, "loss_ink_dice": 0.2, "loss_fiber_bce": 0.3, "loss_st": 0.1, "label_smoothing": 0.0, "aug_mode": "batchgeneratorsv2", "aug_flip_p": 0.5, "aug_brightness_p": 0.75, "aug_affine_p": 0.75, "aug_coarse_dropout_p": 0.5, "aug_elastic_p": 0.0, "aug_grid_p": 0.0, "aug_rotate_limit": 180, "aug_scale_limit": 0.15, "aug_scroll_decohesion_p": 0.0, "aug_scroll_squeeze_p": 0.0, "aug_scroll_z_dropout_p": 0.0, "aug_scroll_intensity_drift_p": 0.0, "use_betti_loss": false, "betti_loss_weight": 0.1, "auxiliary_config": {"enabled": false, "task_types": ["surface_normals", "structure_tensor"], "weights": {"surface_normals": 0.05, "structure_tensor": 0.05}}, "target_fiber_source": "sobel_z", "target_fiber_sigma": 2.0, "multi_task_heads": false, "architecture": "resenc_unet", "base_feat": 64, "num_blocks": 16, "num_heads": 8, "dropout": 0.0, "pseudo_label_dir": "local_data/pseudo_labels", "foundation_model_path": null, "enforce_prize_gates": false, "min_prize_centerline_dice": 0.01, "max_prize_skel_dist": 2.0, "max_prize_cc_diff": 64.0, "min_prize_topology_samples": 1, "use_uamt": false, "ema_decay": 0.99, "consistency_weight": 0.1, "unlabeled_uris": ["local_data/PHercParis2Fr47/surface_volume.zarr"]}
2026-05-20 19:53:40	False	True	0.5120	False	64	0.412900	24.725519	0.103126	0.049	{"uri": null, "uris": ["local_data/PHercParis2Fr47/surface_volume.zarr"], "val_uri": "local_data/PHercParis2Fr143/surface_volume.zarr", "cache_dir": null, "use_ridges": true, "use_lasagna": false, "ridge_sigma": 2.0, "batch_size": 16, "patch_size": 64, "num_layers": 16, "lr": 0.0001, "weight_decay": 0.01, "time_budget": 300, "pinned": false, "loss_ink_bce": 0.6, "loss_ink_dice": 0.2, "loss_fiber_bce": 0.3, "loss_st": 0.1, "label_smoothing": 0.0, "aug_mode": "batchgeneratorsv2", "aug_flip_p": 0.5, "aug_brightness_p": 0.75, "aug_affine_p": 0.75, "aug_coarse_dropout_p": 0.5, "aug_elastic_p": 0.0, "aug_grid_p": 0.0, "aug_rotate_limit": 180, "aug_scale_limit": 0.15, "aug_scroll_decohesion_p": 0.0, "aug_scroll_squeeze_p": 0.0, "aug_scroll_z_dropout_p": 0.0, "aug_scroll_intensity_drift_p": 0.0, "use_betti_loss": false, "betti_loss_weight": 0.1, "auxiliary_config": {"enabled": false, "task_types": ["surface_normals", "structure_tensor"], "weights": {"surface_normals": 0.05, "structure_tensor": 0.05}}, "target_fiber_source": "sobel_z", "target_fiber_sigma": 2.0, "multi_task_heads": false, "architecture": "resenc_unet", "base_feat": 64, "num_blocks": 16, "num_heads": 8, "dropout": 0.0, "pseudo_label_dir": "local_data/pseudo_labels", "foundation_model_path": null, "enforce_prize_gates": false, "min_prize_centerline_dice": 0.01, "max_prize_skel_dist": 2.0, "max_prize_cc_diff": 64.0, "min_prize_topology_samples": 1, "use_uamt": false, "ema_decay": 0.99, "consistency_weight": 0.1, "unlabeled_uris": ["local_data/PHercParis2Fr47/surface_volume.zarr"]}
2026-05-20 20:00:03	False	True	0.5120	False	64	0.412911	27.355525	0.098005	0.048	{"uri": null, "uris": ["local_data/PHercParis2Fr47/surface_volume.zarr"], "val_uri": "local_data/PHercParis2Fr143/surface_volume.zarr", "cache_dir": null, "use_ridges": true, "use_lasagna": false, "ridge_sigma": 2.0, "batch_size": 16, "patch_size": 64, "num_layers": 16, "lr": 0.0001, "weight_decay": 0.01, "time_budget": 300, "pinned": false, "loss_ink_bce": 0.6, "loss_ink_dice": 0.2, "loss_fiber_bce": 0.3, "loss_st": 0.1, "label_smoothing": 0.0, "aug_mode": "batchgeneratorsv2", "aug_flip_p": 0.5, "aug_brightness_p": 0.75, "aug_affine_p": 0.75, "aug_coarse_dropout_p": 0.5, "aug_elastic_p": 0.0, "aug_grid_p": 0.0, "aug_rotate_limit": 180, "aug_scale_limit": 0.15, "aug_scroll_decohesion_p": 0.0, "aug_scroll_squeeze_p": 0.0, "aug_scroll_z_dropout_p": 0.0, "aug_scroll_intensity_drift_p": 0.0, "use_betti_loss": false, "betti_loss_weight": 0.1, "auxiliary_config": {"enabled": false, "task_types": ["surface_normals", "structure_tensor"], "weights": {"surface_normals": 0.05, "structure_tensor": 0.05}}, "target_fiber_source": "sobel_z", "target_fiber_sigma": 2.0, "multi_task_heads": false, "architecture": "resenc_unet", "base_feat": 64, "num_blocks": 16, "num_heads": 8, "dropout": 0.0, "pseudo_label_dir": "local_data/pseudo_labels", "foundation_model_path": null, "enforce_prize_gates": false, "min_prize_centerline_dice": 0.01, "max_prize_skel_dist": 2.0, "max_prize_cc_diff": 64.0, "min_prize_topology_samples": 1, "use_uamt": false, "ema_decay": 0.99, "consistency_weight": 0.1, "unlabeled_uris": ["local_data/PHercParis2Fr47/surface_volume.zarr"]}
2026-05-20 20:12:46	False	True	0.5120	False	64	0.413103	26.419563	0.099792	0.043	{"uri": null, "uris": ["local_data/PHercParis2Fr47/surface_volume.zarr"], "val_uri": "local_data/PHercParis2Fr143/surface_volume.zarr", "cache_dir": null, "use_ridges": true, "use_lasagna": false, "ridge_sigma": 2.0, "batch_size": 16, "patch_size": 64, "num_layers": 16, "lr": 0.0001, "weight_decay": 0.01, "time_budget": 300, "pinned": false, "loss_ink_bce": 0.6, "loss_ink_dice": 0.2, "loss_fiber_bce": 0.3, "loss_st": 0.1, "label_smoothing": 0.0, "aug_mode": "batchgeneratorsv2", "aug_flip_p": 0.5, "aug_brightness_p": 0.75, "aug_affine_p": 0.75, "aug_coarse_dropout_p": 0.5, "aug_elastic_p": 0.0, "aug_grid_p": 0.0, "aug_rotate_limit": 180, "aug_scale_limit": 0.15, "aug_scroll_decohesion_p": 1.0, "aug_scroll_squeeze_p": 0.0, "aug_scroll_z_dropout_p": 0.0, "aug_scroll_intensity_drift_p": 0.0, "use_betti_loss": false, "betti_loss_weight": 0.1, "auxiliary_config": {"enabled": false, "task_types": ["surface_normals", "structure_tensor"], "weights": {"surface_normals": 0.05, "structure_tensor": 0.05}}, "target_fiber_source": "sobel_z", "target_fiber_sigma": 2.0, "multi_task_heads": false, "architecture": "resenc_unet", "base_feat": 64, "num_blocks": 16, "num_heads": 8, "dropout": 0.0, "pseudo_label_dir": "local_data/pseudo_labels", "foundation_model_path": null, "enforce_prize_gates": false, "min_prize_centerline_dice": 0.01, "max_prize_skel_dist": 2.0, "max_prize_cc_diff": 64.0, "min_prize_topology_samples": 1, "use_uamt": false, "ema_decay": 0.99, "consistency_weight": 0.1, "unlabeled_uris": ["local_data/PHercParis2Fr47/surface_volume.zarr"]}
2026-05-20 20:19:09	False	True	0.5120	False	64	0.412911	27.355525	0.098005	0.048	{"uri": null, "uris": ["local_data/PHercParis2Fr47/surface_volume.zarr"], "val_uri": "local_data/PHercParis2Fr143/surface_volume.zarr", "cache_dir": null, "use_ridges": true, "use_lasagna": false, "ridge_sigma": 2.0, "batch_size": 16, "patch_size": 64, "num_layers": 16, "lr": 0.0001, "weight_decay": 0.01, "time_budget": 300, "pinned": false, "loss_ink_bce": 0.6, "loss_ink_dice": 0.2, "loss_fiber_bce": 0.3, "loss_st": 0.1, "label_smoothing": 0.0, "aug_mode": "batchgeneratorsv2", "aug_flip_p": 0.5, "aug_brightness_p": 0.75, "aug_affine_p": 0.75, "aug_coarse_dropout_p": 0.5, "aug_elastic_p": 0.0, "aug_grid_p": 0.0, "aug_rotate_limit": 180, "aug_scale_limit": 0.15, "aug_scroll_decohesion_p": 1.0, "aug_scroll_squeeze_p": 0.0, "aug_scroll_z_dropout_p": 0.0, "aug_scroll_intensity_drift_p": 0.0, "use_betti_loss": false, "betti_loss_weight": 0.1, "auxiliary_config": {"enabled": false, "task_types": ["surface_normals", "structure_tensor"], "weights": {"surface_normals": 0.05, "structure_tensor": 0.05}}, "target_fiber_source": "sobel_z", "target_fiber_sigma": 2.0, "multi_task_heads": false, "architecture": "resenc_unet", "base_feat": 64, "num_blocks": 16, "num_heads": 8, "dropout": 0.0, "pseudo_label_dir": "local_data/pseudo_labels", "foundation_model_path": null, "enforce_prize_gates": false, "min_prize_centerline_dice": 0.01, "max_prize_skel_dist": 2.0, "max_prize_cc_diff": 64.0, "min_prize_topology_samples": 1, "use_uamt": false, "ema_decay": 0.99, "consistency_weight": 0.1, "unlabeled_uris": ["local_data/PHercParis2Fr47/surface_volume.zarr"]}
2026-05-20 20:31:52	False	True	0.5120	False	64	0.413000	24.287073	0.101467	0.045	{"uri": null, "uris": ["local_data/PHercParis2Fr47/surface_volume.zarr"], "val_uri": "local_data/PHercParis2Fr143/surface_volume.zarr", "cache_dir": null, "use_ridges": true, "use_lasagna": false, "ridge_sigma": 2.0, "batch_size": 16, "patch_size": 64, "num_layers": 16, "lr": 0.0001, "weight_decay": 0.01, "time_budget": 300, "pinned": false, "loss_ink_bce": 0.6, "loss_ink_dice": 0.2, "loss_fiber_bce": 0.3, "loss_st": 0.1, "label_smoothing": 0.0, "aug_mode": "batchgeneratorsv2", "aug_flip_p": 0.5, "aug_brightness_p": 0.75, "aug_affine_p": 0.75, "aug_coarse_dropout_p": 0.5, "aug_elastic_p": 0.0, "aug_grid_p": 0.0, "aug_rotate_limit": 180, "aug_scale_limit": 0.15, "aug_scroll_decohesion_p": 0.0, "aug_scroll_squeeze_p": 0.0, "aug_scroll_z_dropout_p": 0.0, "aug_scroll_intensity_drift_p": 0.0, "use_betti_loss": false, "betti_loss_weight": 0.1, "auxiliary_config": {"enabled": false, "task_types": ["surface_normals", "structure_tensor"], "weights": {"surface_normals": 0.05, "structure_tensor": 0.05}}, "target_fiber_source": "sobel_z", "target_fiber_sigma": 2.0, "multi_task_heads": false, "architecture": "resenc_unet", "base_feat": 64, "num_blocks": 16, "num_heads": 8, "dropout": 0.0, "pseudo_label_dir": "local_data/pseudo_labels", "foundation_model_path": null, "enforce_prize_gates": false, "min_prize_centerline_dice": 0.01, "max_prize_skel_dist": 2.0, "max_prize_cc_diff": 64.0, "min_prize_topology_samples": 1, "use_uamt": false, "ema_decay": 0.99, "consistency_weight": 0.1, "unlabeled_uris": ["local_data/PHercParis2Fr47/surface_volume.zarr"]}
2026-05-20 20:38:13	False	True	0.5120	False	64	0.412913	26.644899	0.096869	0.048	{"uri": null, "uris": ["local_data/PHercParis2Fr47/surface_volume.zarr"], "val_uri": "local_data/PHercParis2Fr143/surface_volume.zarr", "cache_dir": null, "use_ridges": true, "use_lasagna": false, "ridge_sigma": 2.0, "batch_size": 16, "patch_size": 64, "num_layers": 16, "lr": 0.0001, "weight_decay": 0.01, "time_budget": 300, "pinned": false, "loss_ink_bce": 0.6, "loss_ink_dice": 0.2, "loss_fiber_bce": 0.3, "loss_st": 0.1, "label_smoothing": 0.0, "aug_mode": "batchgeneratorsv2", "aug_flip_p": 0.5, "aug_brightness_p": 0.75, "aug_affine_p": 0.75, "aug_coarse_dropout_p": 0.5, "aug_elastic_p": 0.0, "aug_grid_p": 0.0, "aug_rotate_limit": 180, "aug_scale_limit": 0.15, "aug_scroll_decohesion_p": 0.0, "aug_scroll_squeeze_p": 0.0, "aug_scroll_z_dropout_p": 0.0, "aug_scroll_intensity_drift_p": 0.0, "use_betti_loss": false, "betti_loss_weight": 0.1, "auxiliary_config": {"enabled": false, "task_types": ["surface_normals", "structure_tensor"], "weights": {"surface_normals": 0.05, "structure_tensor": 0.05}}, "target_fiber_source": "sobel_z", "target_fiber_sigma": 2.0, "multi_task_heads": false, "architecture": "resenc_unet", "base_feat": 64, "num_blocks": 16, "num_heads": 8, "dropout": 0.0, "pseudo_label_dir": "local_data/pseudo_labels", "foundation_model_path": null, "enforce_prize_gates": false, "min_prize_centerline_dice": 0.01, "max_prize_skel_dist": 2.0, "max_prize_cc_diff": 64.0, "min_prize_topology_samples": 1, "use_uamt": false, "ema_decay": 0.99, "consistency_weight": 0.1, "unlabeled_uris": ["local_data/PHercParis2Fr47/surface_volume.zarr"]}
2026-05-20 20:50:55	False	True	0.5120	False	64	0.413048	25.814673	0.098402	0.044	{"uri": null, "uris": ["local_data/PHercParis2Fr47/surface_volume.zarr"], "val_uri": "local_data/PHercParis2Fr143/surface_volume.zarr", "cache_dir": null, "use_ridges": true, "use_lasagna": false, "ridge_sigma": 2.0, "batch_size": 16, "patch_size": 64, "num_layers": 16, "lr": 0.0001, "weight_decay": 0.01, "time_budget": 300, "pinned": false, "loss_ink_bce": 0.6, "loss_ink_dice": 0.2, "loss_fiber_bce": 0.3, "loss_st": 0.1, "label_smoothing": 0.0, "aug_mode": "batchgeneratorsv2", "aug_flip_p": 0.5, "aug_brightness_p": 0.75, "aug_affine_p": 0.75, "aug_coarse_dropout_p": 0.5, "aug_elastic_p": 0.0, "aug_grid_p": 0.0, "aug_rotate_limit": 180, "aug_scale_limit": 0.15, "aug_scroll_decohesion_p": 0.0, "aug_scroll_squeeze_p": 1.0, "aug_scroll_z_dropout_p": 0.0, "aug_scroll_intensity_drift_p": 0.0, "use_betti_loss": false, "betti_loss_weight": 0.1, "auxiliary_config": {"enabled": false, "task_types": ["surface_normals", "structure_tensor"], "weights": {"surface_normals": 0.05, "structure_tensor": 0.05}}, "target_fiber_source": "sobel_z", "target_fiber_sigma": 2.0, "multi_task_heads": false, "architecture": "resenc_unet", "base_feat": 64, "num_blocks": 16, "num_heads": 8, "dropout": 0.0, "pseudo_label_dir": "local_data/pseudo_labels", "foundation_model_path": null, "enforce_prize_gates": false, "min_prize_centerline_dice": 0.01, "max_prize_skel_dist": 2.0, "max_prize_cc_diff": 64.0, "min_prize_topology_samples": 1, "use_uamt": false, "ema_decay": 0.99, "consistency_weight": 0.1, "unlabeled_uris": ["local_data/PHercParis2Fr47/surface_volume.zarr"]}
2026-05-20 20:57:17	False	True	0.5120	False	64	0.412903	23.603320	0.096941	0.049	{"uri": null, "uris": ["local_data/PHercParis2Fr47/surface_volume.zarr"], "val_uri": "local_data/PHercParis2Fr143/surface_volume.zarr", "cache_dir": null, "use_ridges": true, "use_lasagna": false, "ridge_sigma": 2.0, "batch_size": 16, "patch_size": 64, "num_layers": 16, "lr": 0.0001, "weight_decay": 0.01, "time_budget": 300, "pinned": false, "loss_ink_bce": 0.6, "loss_ink_dice": 0.2, "loss_fiber_bce": 0.3, "loss_st": 0.1, "label_smoothing": 0.0, "aug_mode": "batchgeneratorsv2", "aug_flip_p": 0.5, "aug_brightness_p": 0.75, "aug_affine_p": 0.75, "aug_coarse_dropout_p": 0.5, "aug_elastic_p": 0.0, "aug_grid_p": 0.0, "aug_rotate_limit": 180, "aug_scale_limit": 0.15, "aug_scroll_decohesion_p": 0.0, "aug_scroll_squeeze_p": 1.0, "aug_scroll_z_dropout_p": 0.0, "aug_scroll_intensity_drift_p": 0.0, "use_betti_loss": false, "betti_loss_weight": 0.1, "auxiliary_config": {"enabled": false, "task_types": ["surface_normals", "structure_tensor"], "weights": {"surface_normals": 0.05, "structure_tensor": 0.05}}, "target_fiber_source": "sobel_z", "target_fiber_sigma": 2.0, "multi_task_heads": false, "architecture": "resenc_unet", "base_feat": 64, "num_blocks": 16, "num_heads": 8, "dropout": 0.0, "pseudo_label_dir": "local_data/pseudo_labels", "foundation_model_path": null, "enforce_prize_gates": false, "min_prize_centerline_dice": 0.01, "max_prize_skel_dist": 2.0, "max_prize_cc_diff": 64.0, "min_prize_topology_samples": 1, "use_uamt": false, "ema_decay": 0.99, "consistency_weight": 0.1, "unlabeled_uris": ["local_data/PHercParis2Fr47/surface_volume.zarr"]}
2026-05-20 21:09:59	False	True	0.5120	False	64	0.413048	25.814673	0.098402	0.044	{"uri": null, "uris": ["local_data/PHercParis2Fr47/surface_volume.zarr"], "val_uri": "local_data/PHercParis2Fr143/surface_volume.zarr", "cache_dir": null, "use_ridges": true, "use_lasagna": false, "ridge_sigma": 2.0, "batch_size": 16, "patch_size": 64, "num_layers": 16, "lr": 0.0001, "weight_decay": 0.01, "time_budget": 300, "pinned": false, "loss_ink_bce": 0.6, "loss_ink_dice": 0.2, "loss_fiber_bce": 0.3, "loss_st": 0.1, "label_smoothing": 0.0, "aug_mode": "batchgeneratorsv2", "aug_flip_p": 0.5, "aug_brightness_p": 0.75, "aug_affine_p": 0.75, "aug_coarse_dropout_p": 0.5, "aug_elastic_p": 0.0, "aug_grid_p": 0.0, "aug_rotate_limit": 180, "aug_scale_limit": 0.15, "aug_scroll_decohesion_p": 0.0, "aug_scroll_squeeze_p": 0.0, "aug_scroll_z_dropout_p": 1.0, "aug_scroll_intensity_drift_p": 0.0, "use_betti_loss": false, "betti_loss_weight": 0.1, "auxiliary_config": {"enabled": false, "task_types": ["surface_normals", "structure_tensor"], "weights": {"surface_normals": 0.05, "structure_tensor": 0.05}}, "target_fiber_source": "sobel_z", "target_fiber_sigma": 2.0, "multi_task_heads": false, "architecture": "resenc_unet", "base_feat": 64, "num_blocks": 16, "num_heads": 8, "dropout": 0.0, "pseudo_label_dir": "local_data/pseudo_labels", "foundation_model_path": null, "enforce_prize_gates": false, "min_prize_centerline_dice": 0.01, "max_prize_skel_dist": 2.0, "max_prize_cc_diff": 64.0, "min_prize_topology_samples": 1, "use_uamt": false, "ema_decay": 0.99, "consistency_weight": 0.1, "unlabeled_uris": ["local_data/PHercParis2Fr47/surface_volume.zarr"]}
2026-05-20 21:16:21	False	True	0.5120	False	64	0.412903	23.603320	0.096941	0.049	{"uri": null, "uris": ["local_data/PHercParis2Fr47/surface_volume.zarr"], "val_uri": "local_data/PHercParis2Fr143/surface_volume.zarr", "cache_dir": null, "use_ridges": true, "use_lasagna": false, "ridge_sigma": 2.0, "batch_size": 16, "patch_size": 64, "num_layers": 16, "lr": 0.0001, "weight_decay": 0.01, "time_budget": 300, "pinned": false, "loss_ink_bce": 0.6, "loss_ink_dice": 0.2, "loss_fiber_bce": 0.3, "loss_st": 0.1, "label_smoothing": 0.0, "aug_mode": "batchgeneratorsv2", "aug_flip_p": 0.5, "aug_brightness_p": 0.75, "aug_affine_p": 0.75, "aug_coarse_dropout_p": 0.5, "aug_elastic_p": 0.0, "aug_grid_p": 0.0, "aug_rotate_limit": 180, "aug_scale_limit": 0.15, "aug_scroll_decohesion_p": 0.0, "aug_scroll_squeeze_p": 0.0, "aug_scroll_z_dropout_p": 1.0, "aug_scroll_intensity_drift_p": 0.0, "use_betti_loss": false, "betti_loss_weight": 0.1, "auxiliary_config": {"enabled": false, "task_types": ["surface_normals", "structure_tensor"], "weights": {"surface_normals": 0.05, "structure_tensor": 0.05}}, "target_fiber_source": "sobel_z", "target_fiber_sigma": 2.0, "multi_task_heads": false, "architecture": "resenc_unet", "base_feat": 64, "num_blocks": 16, "num_heads": 8, "dropout": 0.0, "pseudo_label_dir": "local_data/pseudo_labels", "foundation_model_path": null, "enforce_prize_gates": false, "min_prize_centerline_dice": 0.01, "max_prize_skel_dist": 2.0, "max_prize_cc_diff": 64.0, "min_prize_topology_samples": 1, "use_uamt": false, "ema_decay": 0.99, "consistency_weight": 0.1, "unlabeled_uris": ["local_data/PHercParis2Fr47/surface_volume.zarr"]}
2026-05-20 21:29:03	False	True	0.5120	False	64	0.413073	26.657063	0.098719	0.045	{"uri": null, "uris": ["local_data/PHercParis2Fr47/surface_volume.zarr"], "val_uri": "local_data/PHercParis2Fr143/surface_volume.zarr", "cache_dir": null, "use_ridges": true, "use_lasagna": false, "ridge_sigma": 2.0, "batch_size": 16, "patch_size": 64, "num_layers": 16, "lr": 0.0001, "weight_decay": 0.01, "time_budget": 300, "pinned": false, "loss_ink_bce": 0.6, "loss_ink_dice": 0.2, "loss_fiber_bce": 0.3, "loss_st": 0.1, "label_smoothing": 0.0, "aug_mode": "batchgeneratorsv2", "aug_flip_p": 0.5, "aug_brightness_p": 0.75, "aug_affine_p": 0.75, "aug_coarse_dropout_p": 0.5, "aug_elastic_p": 0.0, "aug_grid_p": 0.0, "aug_rotate_limit": 180, "aug_scale_limit": 0.15, "aug_scroll_decohesion_p": 0.0, "aug_scroll_squeeze_p": 0.0, "aug_scroll_z_dropout_p": 0.0, "aug_scroll_intensity_drift_p": 1.0, "use_betti_loss": false, "betti_loss_weight": 0.1, "auxiliary_config": {"enabled": false, "task_types": ["surface_normals", "structure_tensor"], "weights": {"surface_normals": 0.05, "structure_tensor": 0.05}}, "target_fiber_source": "sobel_z", "target_fiber_sigma": 2.0, "multi_task_heads": false, "architecture": "resenc_unet", "base_feat": 64, "num_blocks": 16, "num_heads": 8, "dropout": 0.0, "pseudo_label_dir": "local_data/pseudo_labels", "foundation_model_path": null, "enforce_prize_gates": false, "min_prize_centerline_dice": 0.01, "max_prize_skel_dist": 2.0, "max_prize_cc_diff": 64.0, "min_prize_topology_samples": 1, "use_uamt": false, "ema_decay": 0.99, "consistency_weight": 0.1, "unlabeled_uris": ["local_data/PHercParis2Fr47/surface_volume.zarr"]}
2026-05-21 17:04:39	False	True	0.5120	False	64	0.412447	24.328081	0.094803	0.079	{"uri": null, "uris": ["local_data/PHercParis2Fr47/surface_volume.zarr"], "val_uri": "local_data/PHercParis2Fr143/surface_volume.zarr", "cache_dir": null, "use_ridges": true, "use_lasagna": false, "ridge_sigma": 2.0, "batch_size": 16, "patch_size": 64, "num_layers": 16, "lr": 0.0001, "weight_decay": 0.01, "time_budget": 900, "pinned": false, "loss_ink_bce": 0.6, "loss_ink_dice": 0.2, "loss_fiber_bce": 0.3, "loss_st": 0.1, "label_smoothing": 0.0, "aug_mode": "batchgeneratorsv2", "aug_flip_p": 0.5, "aug_brightness_p": 0.75, "aug_affine_p": 0.75, "aug_coarse_dropout_p": 0.5, "aug_elastic_p": 0.0, "aug_grid_p": 0.0, "aug_rotate_limit": 180, "aug_scale_limit": 0.15, "aug_scroll_decohesion_p": 0.25, "aug_scroll_warping_p": 0.0, "aug_scroll_squeeze_p": 0.0, "aug_scroll_z_dropout_p": 0.0, "aug_scroll_intensity_drift_p": 0.0, "use_betti_loss": false, "betti_loss_weight": 0.1, "auxiliary_config": {"enabled": false, "task_types": ["surface_normals", "structure_tensor"], "weights": {"surface_normals": 0.05, "structure_tensor": 0.05}}, "target_fiber_source": "sobel_z", "target_fiber_sigma": 2.0, "multi_task_heads": false, "architecture": "resenc_unet", "base_feat": 64, "num_blocks": 16, "num_heads": 8, "dropout": 0.0, "pseudo_label_dir": "local_data/pseudo_labels", "foundation_model_path": null, "enforce_prize_gates": false, "min_prize_centerline_dice": 0.01, "max_prize_skel_dist": 2.0, "max_prize_cc_diff": 64.0, "min_prize_topology_samples": 1, "use_uamt": false, "ema_decay": 0.99, "consistency_weight": 0.1, "unlabeled_uris": ["local_data/PHercParis2Fr47/surface_volume.zarr"]}
2026-05-22 12:32:09	False	True	0.5120	False	64	0.412271	25.745603	0.085626	0.087	{"uri": null, "uris": ["local_data/PHercParis2Fr47/surface_volume.zarr"], "val_uri": "local_data/PHercParis2Fr143/surface_volume.zarr", "cache_dir": null, "use_ridges": true, "use_lasagna": false, "ridge_sigma": 2.0, "batch_size": 16, "patch_size": 64, "num_layers": 16, "lr": 0.0001, "weight_decay": 0.01, "time_budget": 900, "pinned": false, "loss_ink_bce": 0.6, "loss_ink_dice": 0.2, "loss_fiber_bce": 0.3, "loss_st": 0.1, "label_smoothing": 0.0, "aug_mode": "batchgeneratorsv2", "aug_flip_p": 0.5, "aug_brightness_p": 0.75, "aug_affine_p": 0.75, "aug_coarse_dropout_p": 0.5, "aug_elastic_p": 0.0, "aug_grid_p": 0.0, "aug_rotate_limit": 180, "aug_scale_limit": 0.15, "aug_scroll_decohesion_p": 0.25, "aug_scroll_warping_p": 0.0, "aug_scroll_squeeze_p": 0.25, "aug_scroll_z_dropout_p": 0.0, "aug_scroll_intensity_drift_p": 0.0, "use_betti_loss": false, "betti_loss_weight": 0.1, "auxiliary_config": {"enabled": false, "task_types": ["surface_normals", "structure_tensor"], "weights": {"surface_normals": 0.05, "structure_tensor": 0.05}}, "target_fiber_source": "sobel_z", "target_fiber_sigma": 2.0, "multi_task_heads": false, "architecture": "resenc_unet", "base_feat": 64, "num_blocks": 16, "num_heads": 8, "dropout": 0.0, "pseudo_label_dir": "local_data/pseudo_labels", "foundation_model_path": null, "enforce_prize_gates": false, "min_prize_centerline_dice": 0.01, "max_prize_skel_dist": 2.0, "max_prize_cc_diff": 64.0, "min_prize_topology_samples": 1, "use_uamt": false, "ema_decay": 0.99, "consistency_weight": 0.1, "unlabeled_uris": ["local_data/PHercParis2Fr47/surface_volume.zarr"]}
2026-06-09 16:48:06	False	True	0.5120	False	64	0.262659	24.747442	0.074631	0.000	0.000	{"uri": null, "uris": ["local_data/PHercParis2Fr47/surface_volume.zarr"], "val_uri": "local_data/PHercParis2Fr143/surface_volume.zarr", "cache_dir": null, "use_ridges": true, "use_lasagna": false, "ridge_sigma": 2.0, "batch_size": 16, "patch_size": 64, "num_layers": 16, "lr": 5e-05, "weight_decay": 0.01, "time_budget": 900, "pinned": false, "loss_ink_bce": 0.6, "loss_ink_dice": 0.2, "loss_fiber_bce": 0.3, "loss_st": 0.1, "label_smoothing": 0.0, "aug_mode": "batchgeneratorsv2", "aug_flip_p": 0.5, "aug_brightness_p": 0.75, "aug_affine_p": 0.75, "aug_coarse_dropout_p": 0.5, "aug_elastic_p": 0.0, "aug_grid_p": 0.0, "aug_rotate_limit": 180, "aug_scale_limit": 0.15, "aug_scroll_decohesion_p": 0.25, "aug_scroll_warping_p": 0.0, "aug_scroll_squeeze_p": 0.25, "aug_scroll_z_dropout_p": 0.0, "aug_scroll_intensity_drift_p": 0.0, "aug_scroll_sheet_compression_p": 0.0, "aug_scroll_thick_slice_p": 0.0, "aug_scroll_rician_noise_p": 0.0, "aug_scroll_blank_rectangles_p": 0.0, "use_betti_loss": false, "betti_loss_weight": 0.1, "auxiliary_config": {"enabled": false, "task_types": ["surface_normals", "structure_tensor"], "weights": {"surface_normals": 0.05, "structure_tensor": 0.05}}, "target_fiber_source": "frangi", "target_fiber_sigma": 2.0, "multi_task_heads": false, "architecture": "resenc_unet", "base_feat": 64, "num_blocks": 16, "num_heads": 8, "dropout": 0.0, "pseudo_label_dir": "local_data/pseudo_labels", "foundation_model_path": null, "enforce_prize_gates": false, "min_prize_centerline_dice": 0.01, "max_prize_skel_dist": 2.0, "max_prize_cc_diff": 64.0, "min_prize_topology_samples": 1, "use_uamt": false, "ema_decay": 0.99, "consistency_weight": 0.1, "unlabeled_uris": ["local_data/PHercParis2Fr47/surface_volume.zarr"]}
2026-06-09 17:20:25	False	True	0.5120	False	64	0.262564	24.747442	0.073438	0.000	0.000	{"uri": null, "uris": ["local_data/PHercParis2Fr47/surface_volume.zarr"], "val_uri": "local_data/PHercParis2Fr143/surface_volume.zarr", "cache_dir": null, "use_ridges": true, "use_lasagna": false, "ridge_sigma": 2.0, "batch_size": 16, "patch_size": 64, "num_layers": 16, "lr": 5e-05, "weight_decay": 0.01, "time_budget": 900, "pinned": false, "loss_ink_bce": 0.6, "loss_ink_dice": 0.2, "loss_fiber_bce": 0.3, "loss_st": 0.1, "label_smoothing": 0.0, "aug_mode": "batchgeneratorsv2", "aug_flip_p": 0.5, "aug_brightness_p": 0.75, "aug_affine_p": 0.75, "aug_coarse_dropout_p": 0.5, "aug_elastic_p": 0.0, "aug_grid_p": 0.0, "aug_rotate_limit": 180, "aug_scale_limit": 0.15, "aug_scroll_decohesion_p": 0.25, "aug_scroll_warping_p": 0.0, "aug_scroll_squeeze_p": 0.25, "aug_scroll_z_dropout_p": 0.0, "aug_scroll_intensity_drift_p": 0.0, "aug_scroll_sheet_compression_p": 0.0, "aug_scroll_thick_slice_p": 0.0, "aug_scroll_rician_noise_p": 0.0, "aug_scroll_blank_rectangles_p": 0.5, "use_betti_loss": false, "betti_loss_weight": 0.1, "auxiliary_config": {"enabled": false, "task_types": ["surface_normals", "structure_tensor"], "weights": {"surface_normals": 0.05, "structure_tensor": 0.05}}, "target_fiber_source": "frangi", "target_fiber_sigma": 2.0, "multi_task_heads": false, "architecture": "resenc_unet", "base_feat": 64, "num_blocks": 16, "num_heads": 8, "dropout": 0.0, "pseudo_label_dir": "local_data/pseudo_labels", "foundation_model_path": null, "enforce_prize_gates": false, "min_prize_centerline_dice": 0.01, "max_prize_skel_dist": 2.0, "max_prize_cc_diff": 64.0, "min_prize_topology_samples": 1, "use_uamt": false, "ema_decay": 0.99, "consistency_weight": 0.1, "unlabeled_uris": ["local_data/PHercParis2Fr47/surface_volume.zarr"]}
2026-06-10 17:46:03	False	True	0.5120	False	64	0.262563	23.324705	0.221481	0.000	0.000	{"uri": null, "uris": ["local_data/PHercParis2Fr47/surface_volume.zarr"], "val_uri": "local_data/PHercParis2Fr143/surface_volume.zarr", "cache_dir": null, "use_ridges": true, "use_lasagna": false, "ridge_sigma": 2.0, "batch_size": 16, "patch_size": 64, "num_layers": 16, "lr": 5e-05, "weight_decay": 0.01, "time_budget": 900, "pinned": false, "loss_ink_bce": 0.6, "loss_ink_dice": 0.2, "loss_fiber_bce": 0.2, "loss_st": 0.1, "label_smoothing": 0.0, "aug_mode": "batchgeneratorsv2", "aug_flip_p": 0.5, "aug_brightness_p": 0.75, "aug_affine_p": 0.75, "aug_coarse_dropout_p": 0.5, "aug_elastic_p": 0.0, "aug_grid_p": 0.0, "aug_rotate_limit": 180, "aug_scale_limit": 0.15, "aug_scroll_decohesion_p": 0.25, "aug_scroll_warping_p": 0.0, "aug_scroll_squeeze_p": 0.25, "aug_scroll_z_dropout_p": 0.0, "aug_scroll_intensity_drift_p": 0.0, "aug_scroll_sheet_compression_p": 0.0, "aug_scroll_thick_slice_p": 0.0, "aug_scroll_rician_noise_p": 0.0, "aug_scroll_blank_rectangles_p": 0.5, "use_betti_loss": false, "betti_loss_weight": 0.1, "use_cldice": false, "cldice_weight": 0.1, "cldice_iters": 10, "auxiliary_config": {"enabled": false, "task_types": ["surface_normals", "structure_tensor"], "weights": {"surface_normals": 0.05, "structure_tensor": 0.05}}, "target_fiber_source": "frangi", "target_fiber_sigma": 2.0, "multi_task_heads": false, "architecture": "resenc_unet", "base_feat": 64, "num_blocks": 16, "num_heads": 8, "dropout": 0.0, "pseudo_label_dir": "local_data/pseudo_labels", "foundation_model_path": null, "enforce_prize_gates": false, "min_prize_centerline_dice": 0.01, "max_prize_skel_dist": 2.0, "max_prize_cc_diff": 64.0, "min_prize_topology_samples": 1, "use_uamt": false, "ema_decay": 0.99, "consistency_weight": 0.1, "unlabeled_uris": ["local_data/PHercParis2Fr47/surface_volume.zarr"]}
2026-06-10 19:07:11	False	True	0.5120	False	64	0.262635	20.828504	0.226330	0.000	0.000	{"uri": null, "uris": ["local_data/PHercParis2Fr47/surface_volume.zarr"], "val_uri": "local_data/PHercParis2Fr143/surface_volume.zarr", "cache_dir": null, "use_ridges": true, "use_lasagna": false, "ridge_sigma": 2.0, "batch_size": 16, "patch_size": 64, "num_layers": 16, "lr": 5e-05, "weight_decay": 0.01, "time_budget": 900, "pinned": false, "loss_ink_bce": 0.6, "loss_ink_dice": 0.2, "loss_fiber_bce": 0.2, "loss_st": 0.1, "label_smoothing": 0.0, "aug_mode": "batchgeneratorsv2", "aug_flip_p": 0.5, "aug_brightness_p": 0.75, "aug_affine_p": 0.75, "aug_coarse_dropout_p": 0.5, "aug_elastic_p": 0.0, "aug_grid_p": 0.0, "aug_rotate_limit": 180, "aug_scale_limit": 0.15, "aug_scroll_decohesion_p": 0.25, "aug_scroll_warping_p": 0.0, "aug_scroll_squeeze_p": 0.25, "aug_scroll_z_dropout_p": 0.5, "aug_scroll_intensity_drift_p": 0.0, "aug_scroll_sheet_compression_p": 0.0, "aug_scroll_thick_slice_p": 0.0, "aug_scroll_rician_noise_p": 0.0, "aug_scroll_blank_rectangles_p": 0.5, "use_betti_loss": false, "betti_loss_weight": 0.1, "use_cldice": false, "cldice_weight": 0.1, "cldice_iters": 10, "auxiliary_config": {"enabled": false, "task_types": ["surface_normals", "structure_tensor"], "weights": {"surface_normals": 0.05, "structure_tensor": 0.05}}, "target_fiber_source": "frangi", "target_fiber_sigma": 2.0, "multi_task_heads": false, "architecture": "resenc_unet", "base_feat": 64, "num_blocks": 16, "num_heads": 8, "dropout": 0.0, "pseudo_label_dir": "local_data/pseudo_labels", "foundation_model_path": null, "enforce_prize_gates": false, "min_prize_centerline_dice": 0.01, "max_prize_skel_dist": 2.0, "max_prize_cc_diff": 64.0, "min_prize_topology_samples": 1, "use_uamt": false, "ema_decay": 0.99, "consistency_weight": 0.1, "unlabeled_uris": ["local_data/PHercParis2Fr47/surface_volume.zarr"]}
2026-06-11 17:17:53	False	True	0.5120	False	64	0.262675	22.723075	0.317909	0.000	0.000	{"uri": null, "uris": ["local_data/PHercParis2Fr47/surface_volume.zarr"], "val_uri": "local_data/PHercParis2Fr143/surface_volume.zarr", "cache_dir": null, "use_ridges": true, "use_lasagna": false, "ridge_sigma": 2.0, "batch_size": 16, "patch_size": 64, "num_layers": 16, "lr": 5e-05, "weight_decay": 0.01, "time_budget": 900, "pinned": false, "loss_ink_bce": 0.6, "loss_ink_dice": 0.2, "loss_fiber_bce": 0.2, "loss_st": 0.1, "label_smoothing": 0.0, "aug_mode": "albumentations", "aug_flip_p": 0.5, "aug_brightness_p": 0.75, "aug_affine_p": 0.75, "aug_coarse_dropout_p": 0.5, "aug_elastic_p": 0.0, "aug_grid_p": 0.0, "aug_rotate_limit": 180, "aug_scale_limit": 0.15, "aug_scroll_decohesion_p": 0.5, "aug_scroll_warping_p": 0.0, "aug_scroll_squeeze_p": 0.25, "aug_scroll_z_dropout_p": 0.0, "aug_scroll_intensity_drift_p": 0.25, "aug_scroll_sheet_compression_p": 0.0, "aug_scroll_thick_slice_p": 0.0, "aug_scroll_rician_noise_p": 0.0, "aug_scroll_blank_rectangles_p": 0.0, "use_betti_loss": false, "betti_loss_weight": 0.1, "use_cldice": false, "cldice_weight": 0.1, "cldice_iters": 10, "use_wandb": true, "auxiliary_config": {"enabled": false, "task_types": ["surface_normals", "structure_tensor"], "weights": {"surface_normals": 0.05, "structure_tensor": 0.05}}, "target_fiber_source": "frangi", "target_fiber_sigma": 2.0, "multi_task_heads": false, "architecture": "resenc_unet", "base_feat": 64, "num_blocks": 16, "num_heads": 8, "dropout": 0.0, "pseudo_label_dir": "local_data/pseudo_labels", "foundation_model_path": null, "enforce_prize_gates": false, "min_prize_centerline_dice": 0.01, "max_prize_skel_dist": 2.0, "max_prize_cc_diff": 64.0, "min_prize_topology_samples": 1, "use_uamt": false, "ema_decay": 0.99, "consistency_weight": 0.1, "unlabeled_uris": ["local_data/PHercParis2Fr47/surface_volume.zarr"]}
2026-06-11 22:23:32	False	True	0.5120	False	64	0.262675	23.719534	0.320530	0.000	0.000	{"uri": null, "uris": ["local_data/PHercParis2Fr47/surface_volume.zarr"], "val_uri": "local_data/PHercParis2Fr143/surface_volume.zarr", "cache_dir": null, "use_ridges": true, "use_lasagna": false, "ridge_sigma": 2.0, "batch_size": 16, "patch_size": 64, "num_layers": 16, "lr": 5e-05, "weight_decay": 0.01, "time_budget": 30, "pinned": false, "loss_ink_bce": 0.6, "loss_ink_dice": 0.2, "loss_fiber_bce": 0.2, "loss_st": 0.1, "label_smoothing": 0.0, "aug_mode": "albumentations", "aug_flip_p": 0.5, "aug_brightness_p": 0.75, "aug_affine_p": 0.75, "aug_coarse_dropout_p": 0.5, "aug_elastic_p": 0.0, "aug_grid_p": 0.0, "aug_rotate_limit": 180, "aug_scale_limit": 0.15, "aug_scroll_decohesion_p": 0.5, "aug_scroll_warping_p": 0.0, "aug_scroll_squeeze_p": 0.25, "aug_scroll_z_dropout_p": 0.0, "aug_scroll_intensity_drift_p": 0.25, "aug_scroll_sheet_compression_p": 0.0, "aug_scroll_thick_slice_p": 0.0, "aug_scroll_rician_noise_p": 0.0, "aug_scroll_blank_rectangles_p": 0.0, "use_betti_loss": false, "betti_loss_weight": 0.1, "use_cldice": false, "cldice_weight": 0.1, "cldice_iters": 10, "use_wandb": true, "auxiliary_config": {"enabled": false, "task_types": ["surface_normals", "structure_tensor"], "weights": {"surface_normals": 0.05, "structure_tensor": 0.05}}, "target_fiber_source": "frangi", "target_fiber_sigma": 2.0, "multi_task_heads": false, "architecture": "resenc_unet", "base_feat": 64, "num_blocks": 16, "num_heads": 8, "dropout": 0.0, "pseudo_label_dir": "local_data/pseudo_labels", "foundation_model_path": null, "enforce_prize_gates": false, "min_prize_centerline_dice": 0.01, "max_prize_skel_dist": 2.0, "max_prize_cc_diff": 64.0, "min_prize_topology_samples": 1, "use_uamt": false, "ema_decay": 0.99, "consistency_weight": 0.1, "unlabeled_uris": ["local_data/PHercParis2Fr47/surface_volume.zarr"]}
2026-06-16 08:14:39	False	True	0.5120	False	64	0.262675	19.869691	0.325370	0.000	0.000	{"uri": null, "uris": ["local_data/PHercParis2Fr47/surface_volume.zarr"], "val_uri": "local_data/PHercParis2Fr143/surface_volume.zarr", "cache_dir": null, "use_ridges": true, "use_lasagna": false, "ridge_sigma": 2.0, "batch_size": 16, "patch_size": 64, "num_layers": 16, "lr": 5e-05, "weight_decay": 0.01, "time_budget": 900, "pinned": false, "loss_ink_bce": 0.6, "loss_ink_dice": 0.2, "loss_fiber_bce": 0.2, "loss_st": 0.1, "label_smoothing": 0.0, "use_confidence_weight": false, "checkpoint_out": null, "eval_every_steps": 0, "eval_sample_patches": 250, "disable_augmentation": false, "aug_mode": "albumentations", "aug_flip_p": 0.5, "aug_brightness_p": 0.75, "aug_affine_p": 0.75, "aug_coarse_dropout_p": 0.5, "aug_elastic_p": 0.0, "aug_grid_p": 0.0, "aug_rotate_limit": 180, "aug_scale_limit": 0.15, "aug_scroll_decohesion_p": 0.0, "aug_scroll_warping_p": 0.0, "aug_scroll_squeeze_p": 0.25, "aug_scroll_z_dropout_p": 0.0, "aug_scroll_intensity_drift_p": 0.25, "aug_scroll_sheet_compression_p": 0.0, "aug_scroll_thick_slice_p": 0.0, "aug_scroll_rician_noise_p": 0.0, "aug_scroll_blank_rectangles_p": 0.0, "use_betti_loss": false, "betti_loss_weight": 0.1, "use_cldice": false, "cldice_weight": 0.1, "cldice_iters": 10, "use_wandb": true, "auxiliary_config": {"enabled": false, "task_types": ["surface_normals", "structure_tensor"], "weights": {"surface_normals": 0.05, "structure_tensor": 0.05}}, "target_fiber_source": "frangi", "target_fiber_sigma": 2.0, "multi_task_heads": false, "architecture": "resenc_unet", "base_feat": 64, "num_blocks": 16, "num_heads": 8, "dropout": 0.0, "pseudo_label_dir": "local_data/pseudo_labels", "foundation_model_path": null, "enforce_prize_gates": false, "min_prize_centerline_dice": 0.01, "max_prize_skel_dist": 2.0, "max_prize_cc_diff": 64.0, "min_prize_topology_samples": 1, "use_uamt": false, "ema_decay": 0.99, "consistency_weight": 0.1, "unlabeled_uris": ["local_data/PHercParis2Fr47/surface_volume.zarr"]}
2026-06-16 09:06:35	False	True	0.5120	False	64	0.262675	21.532758	0.335528	0.000	0.000	{"uri": null, "uris": ["local_data/PHercParis2Fr47/surface_volume.zarr"], "val_uri": "local_data/PHercParis2Fr143/surface_volume.zarr", "cache_dir": null, "use_ridges": true, "use_lasagna": false, "ridge_sigma": 2.0, "batch_size": 16, "patch_size": 64, "num_layers": 16, "lr": 5e-05, "weight_decay": 0.01, "time_budget": 900, "pinned": false, "loss_ink_bce": 0.6, "loss_ink_dice": 0.2, "loss_fiber_bce": 0.2, "loss_st": 0.1, "label_smoothing": 0.0, "use_confidence_weight": false, "checkpoint_out": null, "eval_every_steps": 0, "eval_sample_patches": 250, "disable_augmentation": false, "aug_mode": "albumentations", "aug_flip_p": 0.5, "aug_brightness_p": 0.75, "aug_affine_p": 0.75, "aug_coarse_dropout_p": 0.5, "aug_elastic_p": 0.0, "aug_grid_p": 0.0, "aug_rotate_limit": 180, "aug_scale_limit": 0.15, "aug_scroll_decohesion_p": 0.0, "aug_scroll_warping_p": 0.0, "aug_scroll_squeeze_p": 0.25, "aug_scroll_z_dropout_p": 0.0, "aug_scroll_intensity_drift_p": 0.25, "aug_scroll_sheet_compression_p": 0.0, "aug_scroll_thick_slice_p": 0.25, "aug_scroll_rician_noise_p": 0.0, "aug_scroll_blank_rectangles_p": 0.0, "use_betti_loss": false, "betti_loss_weight": 0.1, "use_cldice": false, "cldice_weight": 0.1, "cldice_iters": 10, "use_wandb": true, "auxiliary_config": {"enabled": false, "task_types": ["surface_normals", "structure_tensor"], "weights": {"surface_normals": 0.05, "structure_tensor": 0.05}}, "target_fiber_source": "frangi", "target_fiber_sigma": 2.0, "multi_task_heads": false, "architecture": "resenc_unet", "base_feat": 64, "num_blocks": 16, "num_heads": 8, "dropout": 0.0, "pseudo_label_dir": "local_data/pseudo_labels", "foundation_model_path": null, "enforce_prize_gates": false, "min_prize_centerline_dice": 0.01, "max_prize_skel_dist": 2.0, "max_prize_cc_diff": 64.0, "min_prize_topology_samples": 1, "use_uamt": false, "ema_decay": 0.99, "consistency_weight": 0.1, "unlabeled_uris": ["local_data/PHercParis2Fr47/surface_volume.zarr"]}
2026-06-16 16:19:01	False	True	0.5120	False	64	0.262675	19.001999	0.342798	0.000	0.000	{"uri": null, "uris": ["local_data/PHercParis2Fr47/surface_volume.zarr"], "val_uri": "local_data/PHercParis2Fr143/surface_volume.zarr", "cache_dir": null, "use_ridges": true, "use_lasagna": false, "ridge_sigma": 2.0, "batch_size": 16, "patch_size": 64, "num_layers": 16, "lr": 1e-05, "weight_decay": 0.01, "time_budget": 900, "pinned": false, "loss_ink_bce": 0.6, "loss_ink_dice": 0.2, "loss_fiber_bce": 0.2, "loss_st": 0.1, "label_smoothing": 0.0, "use_confidence_weight": false, "checkpoint_out": null, "eval_every_steps": 0, "eval_sample_patches": 250, "disable_augmentation": false, "aug_mode": "albumentations", "aug_flip_p": 0.5, "aug_brightness_p": 0.75, "aug_affine_p": 0.75, "aug_coarse_dropout_p": 0.5, "aug_elastic_p": 0.0, "aug_grid_p": 0.0, "aug_rotate_limit": 180, "aug_scale_limit": 0.15, "aug_scroll_decohesion_p": 0.0, "aug_scroll_warping_p": 0.0, "aug_scroll_squeeze_p": 0.25, "aug_scroll_z_dropout_p": 0.0, "aug_scroll_intensity_drift_p": 0.25, "aug_scroll_sheet_compression_p": 0.0, "aug_scroll_thick_slice_p": 0.25, "aug_scroll_rician_noise_p": 0.0, "aug_scroll_blank_rectangles_p": 0.0, "use_betti_loss": false, "betti_loss_weight": 0.1, "use_cldice": false, "cldice_weight": 0.1, "cldice_iters": 10, "use_wandb": true, "auxiliary_config": {"enabled": false, "task_types": ["surface_normals", "structure_tensor"], "weights": {"surface_normals": 0.05, "structure_tensor": 0.05}}, "target_fiber_source": "frangi", "target_fiber_sigma": 2.0, "multi_task_heads": false, "architecture": "resenc_unet", "base_feat": 64, "num_blocks": 16, "num_heads": 8, "dropout": 0.0, "pseudo_label_dir": "local_data/pseudo_labels", "foundation_model_path": null, "enforce_prize_gates": false, "min_prize_centerline_dice": 0.01, "max_prize_skel_dist": 2.0, "max_prize_cc_diff": 64.0, "min_prize_topology_samples": 1, "use_uamt": false, "ema_decay": 0.99, "consistency_weight": 0.1, "unlabeled_uris": ["local_data/PHercParis2Fr47/surface_volume.zarr"]}
2026-06-17 05:38:00	False	True	0.5120	False	64	0.262675	18.996639	0.344335	0.000	0.000	{"uri": null, "uris": ["local_data/PHercParis2Fr47/surface_volume.zarr"], "val_uri": "local_data/PHercParis2Fr143/surface_volume.zarr", "cache_dir": null, "use_ridges": true, "use_lasagna": false, "ridge_sigma": 1.0, "batch_size": 16, "patch_size": 64, "num_layers": 16, "lr": 1e-05, "weight_decay": 0.01, "time_budget": 3600, "pinned": false, "loss_ink_bce": 0.6, "loss_ink_dice": 0.2, "loss_fiber_bce": 0.2, "loss_st": 0.1, "label_smoothing": 0.0, "use_confidence_weight": false, "checkpoint_out": null, "eval_every_steps": 0, "eval_sample_patches": 250, "disable_augmentation": false, "aug_mode": "albumentations", "aug_flip_p": 0.5, "aug_brightness_p": 0.75, "aug_affine_p": 0.75, "aug_coarse_dropout_p": 0.5, "aug_elastic_p": 0.0, "aug_grid_p": 0.0, "aug_rotate_limit": 180, "aug_scale_limit": 0.15, "aug_scroll_decohesion_p": 0.0, "aug_scroll_warping_p": 0.0, "aug_scroll_squeeze_p": 0.25, "aug_scroll_z_dropout_p": 0.0, "aug_scroll_intensity_drift_p": 0.25, "aug_scroll_sheet_compression_p": 0.0, "aug_scroll_thick_slice_p": 0.25, "aug_scroll_rician_noise_p": 0.0, "aug_scroll_blank_rectangles_p": 0.0, "use_betti_loss": false, "betti_loss_weight": 0.1, "use_cldice": false, "cldice_weight": 0.1, "cldice_iters": 10, "use_wandb": true, "auxiliary_config": {"enabled": false, "task_types": ["surface_normals", "structure_tensor"], "weights": {"surface_normals": 0.05, "structure_tensor": 0.05}}, "target_fiber_source": "frangi", "target_fiber_sigma": 2.0, "multi_task_heads": false, "architecture": "resenc_unet", "base_feat": 64, "num_blocks": 16, "num_heads": 8, "dropout": 0.0, "pseudo_label_dir": "local_data/pseudo_labels", "foundation_model_path": null, "enforce_prize_gates": false, "min_prize_centerline_dice": 0.01, "max_prize_skel_dist": 2.0, "max_prize_cc_diff": 64.0, "min_prize_topology_samples": 1, "use_uamt": false, "ema_decay": 0.99, "consistency_weight": 0.1, "unlabeled_uris": ["local_data/PHercParis2Fr47/surface_volume.zarr"]}
2026-06-18 08:27:18	False	True	0.5120	False	64	0.262675	21.091025	0.350161	0.000	0.000	{"uri": null, "uris": ["local_data/PHercParis2Fr47/surface_volume.zarr"], "val_uri": "local_data/PHercParis2Fr143/surface_volume.zarr", "cache_dir": null, "use_ridges": true, "use_lasagna": true, "ridge_sigma": 1.0, "batch_size": 16, "patch_size": 64, "num_layers": 16, "lr": 1e-05, "weight_decay": 0.01, "time_budget": 900, "pinned": false, "loss_ink_bce": 0.6, "loss_ink_dice": 0.2, "loss_fiber_bce": 0.2, "loss_st": 0.1, "label_smoothing": 0.0, "use_confidence_weight": false, "checkpoint_out": null, "eval_every_steps": 0, "eval_sample_patches": 250, "disable_augmentation": false, "aug_mode": "albumentations", "aug_flip_p": 0.5, "aug_brightness_p": 0.75, "aug_affine_p": 0.75, "aug_coarse_dropout_p": 0.5, "aug_elastic_p": 0.0, "aug_grid_p": 0.0, "aug_rotate_limit": 180, "aug_scale_limit": 0.15, "aug_scroll_decohesion_p": 0.0, "aug_scroll_warping_p": 0.0, "aug_scroll_squeeze_p": 0.25, "aug_scroll_z_dropout_p": 0.0, "aug_scroll_intensity_drift_p": 0.25, "aug_scroll_sheet_compression_p": 0.0, "aug_scroll_thick_slice_p": 0.25, "aug_scroll_rician_noise_p": 0.0, "aug_scroll_blank_rectangles_p": 0.0, "use_betti_loss": false, "betti_loss_weight": 0.1, "use_cldice": false, "cldice_weight": 0.1, "cldice_iters": 10, "use_wandb": true, "auxiliary_config": {"enabled": false, "task_types": ["surface_normals", "structure_tensor"], "weights": {"surface_normals": 0.05, "structure_tensor": 0.05}}, "target_fiber_source": "frangi", "target_fiber_sigma": 2.0, "multi_task_heads": false, "architecture": "resenc_unet", "base_feat": 64, "num_blocks": 16, "num_heads": 8, "dropout": 0.0, "pseudo_label_dir": "local_data/pseudo_labels", "foundation_model_path": null, "enforce_prize_gates": false, "min_prize_centerline_dice": 0.01, "max_prize_skel_dist": 2.0, "max_prize_cc_diff": 64.0, "min_prize_topology_samples": 1, "use_uamt": false, "ema_decay": 0.99, "consistency_weight": 0.1, "unlabeled_uris": ["local_data/PHercParis2Fr47/surface_volume.zarr"]}
2026-06-25 21:10:30	False	True	0.5120	False	64	0.262675	17.774299	0.369391	0.000	0.000	{"uri": null, "uris": ["local_data/PHercParis2Fr47/surface_volume.zarr"], "val_uri": "local_data/PHercParis2Fr143/surface_volume.zarr", "cache_dir": null, "use_ridges": true, "use_lasagna": true, "ridge_sigma": 1.0, "batch_size": 16, "patch_size": 64, "num_layers": 16, "lr": 0.0005, "weight_decay": 0.01, "time_budget": 3600, "pinned": false, "loss_ink_bce": 0.6, "loss_ink_dice": 0.2, "loss_fiber_bce": 0.2, "loss_st": 0.1, "label_smoothing": 0.0, "use_confidence_weight": false, "checkpoint_out": null, "eval_every_steps": 0, "eval_sample_patches": 250, "disable_augmentation": false, "aug_mode": "albumentations", "aug_flip_p": 0.5, "aug_brightness_p": 0.75, "aug_affine_p": 0.75, "aug_coarse_dropout_p": 0.5, "aug_elastic_p": 0.0, "aug_grid_p": 0.0, "aug_rotate_limit": 180, "aug_scale_limit": 0.15, "aug_scroll_decohesion_p": 0.0, "aug_scroll_warping_p": 0.0, "aug_scroll_squeeze_p": 0.25, "aug_scroll_z_dropout_p": 0.0, "aug_scroll_intensity_drift_p": 0.25, "aug_scroll_sheet_compression_p": 0.0, "aug_scroll_thick_slice_p": 0.25, "aug_scroll_rician_noise_p": 0.0, "aug_scroll_blank_rectangles_p": 0.0, "use_betti_loss": false, "betti_loss_weight": 0.1, "use_cldice": false, "cldice_weight": 0.1, "cldice_iters": 10, "use_wandb": true, "auxiliary_config": {"enabled": false, "task_types": ["surface_normals", "structure_tensor"], "weights": {"surface_normals": 0.05, "structure_tensor": 0.05}}, "target_fiber_source": "frangi", "target_fiber_sigma": 2.0, "multi_task_heads": false, "architecture": "resenc_unet", "base_feat": 64, "num_blocks": 16, "num_heads": 8, "dropout": 0.0, "pseudo_label_dir": "local_data/pseudo_labels", "foundation_model_path": null, "enforce_prize_gates": false, "min_prize_centerline_dice": 0.01, "max_prize_skel_dist": 2.0, "max_prize_cc_diff": 64.0, "min_prize_topology_samples": 1, "use_uamt": false, "ema_decay": 0.99, "consistency_weight": 0.1, "unlabeled_uris": ["local_data/PHercParis2Fr47/surface_volume.zarr"]}
2026-07-11 07:53:09	True	True	0.5120	True	64	0.649582	26.934081	1.608853	0.000	0.000	{"uri": null, "uris": ["local_data/PHercParis2Fr47/surface_volume.zarr"], "val_uri": "local_data/PHercParis2Fr143/surface_volume.zarr", "cache_dir": null, "use_ridges": true, "use_lasagna": true, "ridge_sigma": 1.0, "batch_size": 4, "patch_size": 64, "num_layers": 16, "lr": 0.000125, "weight_decay": 0.01, "time_budget": 900, "pinned": false, "loss_ink_bce": 0.6, "loss_ink_dice": 0.2, "loss_fiber_bce": 0.2, "loss_st": 0.1, "label_smoothing": 0.0, "use_confidence_weight": false, "checkpoint_out": null, "eval_every_steps": 0, "eval_sample_patches": 250, "disable_augmentation": false, "aug_mode": "albumentations", "aug_flip_p": 0.5, "aug_brightness_p": 0.75, "aug_affine_p": 0.75, "aug_coarse_dropout_p": 0.5, "aug_elastic_p": 0.0, "aug_grid_p": 0.0, "aug_rotate_limit": 180, "aug_scale_limit": 0.15, "aug_scroll_decohesion_p": 0.0, "aug_scroll_warping_p": 0.0, "aug_scroll_squeeze_p": 0.25, "aug_scroll_z_dropout_p": 0.0, "aug_scroll_intensity_drift_p": 0.25, "aug_scroll_sheet_compression_p": 0.0, "aug_scroll_thick_slice_p": 0.25, "aug_scroll_rician_noise_p": 0.0, "aug_scroll_blank_rectangles_p": 0.0, "use_betti_loss": false, "betti_loss_weight": 0.1, "use_cldice": false, "cldice_weight": 0.1, "cldice_iters": 10, "use_wandb": true, "auxiliary_config": {"enabled": false, "task_types": ["surface_normals", "structure_tensor"], "weights": {"surface_normals": 0.05, "structure_tensor": 0.05}}, "target_fiber_source": "frangi", "target_fiber_sigma": 2.0, "multi_task_heads": true, "architecture": "resenc_unet", "base_feat": 64, "num_blocks": 16, "num_heads": 8, "dropout": 0.0, "pseudo_label_dir": "local_data/pseudo_labels", "foundation_model_path": null, "enforce_prize_gates": false, "min_prize_centerline_dice": 0.01, "max_prize_skel_dist": 2.0, "max_prize_cc_diff": 64.0, "min_prize_topology_samples": 1, "use_uamt": false, "ema_decay": 0.99, "consistency_weight": 0.1, "unlabeled_uris": ["local_data/PHercParis2Fr47/surface_volume.zarr"]}
2026-07-11 10:03:57	True	True	0.5120	True	64	0.661907	22.024359	1.349358	0.000	0.000	{"uri": null, "uris": ["local_data/PHercParis2Fr47/surface_volume.zarr"], "val_uri": "local_data/PHercParis2Fr143/surface_volume.zarr", "cache_dir": null, "use_ridges": true, "use_lasagna": true, "ridge_sigma": 1.0, "batch_size": 4, "patch_size": 64, "num_layers": 16, "lr": 0.000125, "weight_decay": 0.01, "time_budget": 900, "pinned": false, "loss_ink_bce": 0.6, "loss_ink_dice": 0.2, "loss_fiber_bce": 0.2, "loss_st": 0.1, "label_smoothing": 0.0, "use_confidence_weight": false, "checkpoint_out": null, "eval_every_steps": 0, "eval_sample_patches": 250, "disable_augmentation": false, "aug_mode": "albumentations", "aug_flip_p": 0.5, "aug_brightness_p": 0.75, "aug_affine_p": 0.75, "aug_coarse_dropout_p": 0.5, "aug_elastic_p": 0.0, "aug_grid_p": 0.0, "aug_rotate_limit": 180, "aug_scale_limit": 0.15, "aug_scroll_decohesion_p": 0.0, "aug_scroll_warping_p": 0.0, "aug_scroll_squeeze_p": 0.25, "aug_scroll_z_dropout_p": 0.0, "aug_scroll_intensity_drift_p": 0.25, "aug_scroll_sheet_compression_p": 0.0, "aug_scroll_thick_slice_p": 0.25, "aug_scroll_rician_noise_p": 0.0, "aug_scroll_blank_rectangles_p": 0.0, "use_betti_loss": false, "betti_loss_weight": 0.1, "use_cldice": false, "cldice_weight": 0.1, "cldice_iters": 10, "use_wandb": true, "auxiliary_config": {"enabled": false, "task_types": ["surface_normals", "structure_tensor"], "weights": {"surface_normals": 0.05, "structure_tensor": 0.05}}, "target_fiber_source": "frangi", "target_fiber_sigma": 2.0, "multi_task_heads": true, "architecture": "resenc_unet", "base_feat": 64, "num_blocks": 16, "num_heads": 8, "dropout": 0.0, "pseudo_label_dir": "local_data/pseudo_labels", "foundation_model_path": null, "enforce_prize_gates": false, "min_prize_centerline_dice": 0.01, "max_prize_skel_dist": 2.0, "max_prize_cc_diff": 64.0, "min_prize_topology_samples": 1, "use_uamt": true, "ema_decay": 0.99, "consistency_weight": 0.1, "unlabeled_uris": ["local_data/PHercParis2Fr47/surface_volume.zarr"]}
